Naruto Shippûden the Movie: Bonds,5
Naruto Shippuden the Movie: Blood Prison,5
Naruto Shippuden : Blood Prison,5
Naruto the Movie: Ninja Clash in the Land of Snow,5
Naruto Shippuden: The Movie,5
Naruto Shippûden the Movie: The Will of Fire,5
Naruto the Movie 3: Guardians of the Crescent Moon Kingdom,5
Naruto the Movie 2: Legend of the Stone of Gelel,5
Dragon's Dogma,1
Marvel Anime: Wolverine,1
Naruto the Movie 2: Legend of the Stone of Gelel,1
Naruto the Movie 3: Guardians of the Crescent Moon Kingdom,1
Naruto Shippûden the Movie: The Will of Fire,1
Marvel Anime: Wolverine,1
Naruto Shippuden: The Movie,1
Dragon's Dogma,1
Naruto the Movie: Ninja Clash in the Land of Snow,1
Naruto Shippuden : Blood Prison,1
Naruto Shippuden the Movie: Blood Prison,1
Naruto Shippûden the Movie: Bonds,1
Marvel Anime: Wolverine,1
Dragon's Dogma,1
Naruto the Movie 2: Legend of the Stone of Gelel,1
Naruto the Movie 3: Guardians of the Crescent Moon Kingdom,1
Naruto Shippûden the Movie: The Will of Fire,5
Naruto Shippuden: The Movie,5
Naruto the Movie: Ninja Clash in the Land of Snow,5
Naruto Shippuden : Blood Prison,5
Naruto Shippuden the Movie: Blood Prison,5
Naruto Shippûden the Movie: Bonds,5
Naruto Shippûden the Movie: The Will of Fire,5
Marvel Anime: Wolverine,5
Naruto Shippuden: The Movie,5
Dragon's Dogma,5
Naruto the Movie: Ninja Clash in the Land of Snow,5
Naruto the Movie 2: Legend of the Stone of Gelel,5
Naruto Shippuden : Blood Prison,5
Naruto the Movie 3: Guardians of the Crescent Moon Kingdom,5
Naruto Shippuden the Movie: Blood Prison,5
Naruto Shippûden the Movie: Bonds,5
